Código,Descrição
200092,CAIXA BOTOEIRA 1 BOTÃO 75 X 75 X 57 SOBREPOR
200093,FRONT. BOT. EMERG. TRV. GIR. 30MM S-PFN1R3
200095,BLOCO DE CONTATO NF S-PL41
200096,BLOCO DE CONTATO NA S-PL42
200097,PRENSA CB 04 PVC PG16 X 1.5
200098,"CONECTOR SINDAL 06,0MM 250V 41A"
200099,"CONECTOR SINDAL 04,0MM 250V 32A"
200100,PRENSA CB PVC PG11 DIAM. 5-10
200101,"TERMINAL TIPO PINO 02,70-06,60MM² LONGO"
200102,"TERMINAL TIPO PINO 01,30-02,60MM² LONGO+"
200104,RACK 32UX19X770 PORTA VIDRO PT MULTIWAY
200105,BANDEJA FIXA CH20 4P 1UX600MM PT SOLUC.
200106,BANDEJA DESLIZANTE 1U 700MM PT MULTIWAY
200107,NO BREAK 1400
200108,"MONITOR LED 21.5"""
200109,COMPUTADOR I7
200110,PL PCI-E 2 SERIAL E 1 PARALELA
200111,WINDOWS 10 PROF. OEM 64BITS
200112,TECLADO + MOUSE
200113,CÉLULA DE CARGA HBM MOD. PW15BC3/15KG
200114,"MANILHA P/ CABO DE AÇO 1/2"""
200118,TACOMETRO. 3500RPM 12/24V 85MM PRETO C/DISPLAY CÓD.100105
200121,INDICADOR DE PRESSÃO 0-10 BAR 12V 52MM (10/180 OHMS) CÓD.100107
200122,SENSOR DE PRESSÃO DO ÓLEO 0-10BAR C/WK ROSCA M10 CÓD.TB10WKM10
200123,IND. TEMP. 120ºC 52MM 12V MOST PRETO CÓD.100110
200124,SENSOR DE TEMPERATURA 120C C/ WK 100+-3 ROSCA M14 CÓD.TS120WK
200125,VOLTIMETRO 8-16V 12V DIAM. 52MM CÓD.100071
200126,TAMPA TANQUE PLASTICO C/CHAVE ROSCA INT.
200129,"SILENCIOSO INDUSTRIAL DIAM. 3"" X 390 X 400 (SFL) CÓD.ABC0003 R"
200130,"BOCAL ARTICULADO DIAM. 3"" (ALUMINIO FUNDIDO) CÓD.ABC0265 A"
200131,"TUBO OD DIAM.3"" X 1000MM X #2.00MM CÓD.ABC0288-1"
200132,"KIT FLEXÍVEL ESCAPE DIAM. 3"" X 280 PPE C/ ABRAÇADEIRAS CÓD.ABC0305 Q"
200133,"TUBO ADAPTADOR DIAM. 3"" X 60 C/ FLTRI PERKINS 1104 CÓD. ABC0806 U"
200134,TELA ANTIAFIDEO LARG. 5.0M 50 MACHE
200137,BANDA ELASTICA PUMAFLEX AP-70
200143,FILTRO SPIN ON 7 SL 130H20XL-S00-01C-R0M00 REF:R928051692 CÓD.07182
200144,FILTRO SPIN ON 7 SL 90 H10XL-S00-040-R0M00 CÓD.05032
200145,VALVULA C/FL LIV UNID F/F ACO 1/2 CÓD.07575
200150,VALVULA RETEN. SIMP. 3/4 PISTAO 80LTS 350 BAR CÓD.08249
200151,VALVULA ESFERA VET  S1000 1.1/4 CÓD.08412
200152,VALVULA DIRECIONAL DE ASSENTO TN06 CÓD.08376
200153,TUBO PVC RIG. SOLD. 75MM
200155,"BUJÃO DE PVC ROSC. 1/2"""
200156,BOMBA KRR 045 ED1620NNN3 C2NFA6NPLBNNN CÓD.7004315S
200157,BOMBA MPT046CAVCBAABAAABFFATUBBBCAABFFAT CÓD.4465147
200158,MOTOREDUTOR CÓD. C56338NA00DAW
200160,LANT PISCA 4 LEDS 12V AM SIN2191 CÓD. 000151
200161,FAROL MILHA AF502L CÓD.000397
200165,RELE AUX 12V DNI0122 CÓD.000492
200166,FUSIVEL LAM 40A H1040 CÓD.000781
200168,CALHA C/ FITA DE LED 12V
200180,"CONDUITE FLEX 1/2"""
200181,"CONDUITE FLEX 3/4"""
200182,"CONDUITE FLEX 5/8"""
200183,QD CMDO 500 X 400 X 200MM
200184,FITA ISOLANTE SCOTH-33 (3M) 19MM X 20M
200185,"TERM ANEL 00,70-06,60MM² F 0 5MM²"
200186,"TERM ANEL 02,70-06,60MM² F 0 6MM²"
200188,"TERM FEMEA 00,25-01,00MM²"
200189,"TERM FEMEA 00,25-01,60MM²"
200191,BATERIA 90 A 12V
200193,CABO ACEL 6360MM SCANIA/ÎNIBUS K112
200197,TOMADA ENGATE MACHO E1312
200198,TOMADA ENGATE FEMEA E1313
200199,LANTERNA PILOTO LS209-VERM
200201,TERMINAL FIO GRANDE IM181
200202,TERMINAL BAT. ALAV ST78106
200204,CH ALAV UNIP MET 10A/220V 15A/120V LIG/DESL (14123)
200207,TOMADA SOQUETE PISCA BOIA MB1218 S 1620
200209,SIRENE 12V 0.3A 122DB
200210,BOTAO DE PARTIDA IM11039S
200211,CHICOTE DE INSTALAÇÃO ACESSORIO ETE7502CHI
200212,BOTAO PARTIDA MASSEY IM11033S
200213,CONEC 2 VIAS INJ/BOMB ETE7731
200227,FRONTAL BOTAO EMERG. TRAV. GIR. 40MM VM S-PFN1R4
200235,SIST X TOM 2P+T PB 10A 4MM
200239,"ASPERSOR SEMPRE VERDE DE 1/2"" 90º"
200249,TV 40 LED
200250,"ANILHA P/ CABO DE AÇO 5/8"""
200251,MOTOR ORM-315
200255,"BUCHA RED. ROSCAVEL 3/4"" X 1/2"" PVC"
200262,"BOX RETO ALUM. 3/4"""
200282,"ESPIGÃO 1/2"" x MACHO 3/4"" NPT"
200283,"ESPIGÃO 3/8"" x MACHO 3/8"" NPT"
200285,CINTA P/ SELECIONADORA
200296,CABO FLAT 10 VIAS METALTEX CMS1-1M
200304,"MOTORREDUTOR ENGRENAGENS HIBRIDAS GO42 2 1:77,3 BAC 100L 4 cv 04 60Hz - 1573986434"
200307,TRILHO DIN P/FIXAÇÃO DE CONTATO CH 20
200312,CHAPA UHMW ULT. EST. 70 x 1090mm - MÁQ P/ COLHEITA DE FRUTAS CÓD. 027975
200313,"CHAPA UHMW EST. CURV. 63,5 x 250mm - MÁQ P/ COLHEITA DE FRUTAS CÓD. 027981"
200314,"CHAPA UHMW EST. CURV. 63,5 x 610mm - MÁQ P/ COLHEITA DE FRUTAS CÓD. 027982"
200315,CHAPA UHMW EST. ELEV. 70 x 2970mm - MÁQ P/ COLHEITA DE FRUTAS CÓD. 029084
200322,GUIA UHMW EST. PRINCIPAL 25 x 575mm - MÁQ P/ COLHEITA DE FRUTAS CÓD. 030297
200323,GUIA UHMW EST. PRINCIPAL 65 x 575mm - MÁQ P/ COLHEITA DE FRUTAS CÓD. 030298
200324,GUIA UHMW EST. PRINCIPAL 40 x 575mm - MÁQ P/ COLHEITA DE FRUTAS CÓD. 030299
200325,GUIA UHMW EST. PRINCIPAL 25 x 1800mm - MÁQ P/ COLHEITA DE FRUTAS CÓD. 030300
200326,GUIA UHMW EST. PRINCIPAL 65 x 1800mm - MÁQ P/ COLHEITA DE FRUTAS CÓD. 030301
200327,GUIA UHMW EST. PRINCIPAL 40 x 1800mm - MÁQ P/ COLHEITA DE FRUTAS CÓD. 030302
200328,GUIA UHMW EST. PRINCIPAL 25 x 975mm - MÁQ P/ COLHEITA DE FRUTAS CÓD. 030303
200329,GUIA UHMW EST. PRINCIPAL 65 x 975mm - MÁQ P/ COLHEITA DE FRUTAS CÓD. 030304
200330,GUIA UHMW EST. PRINCIPAL 40 x 975mm - MÁQ P/ COLHEITA DE FRUTAS CÓD. 030305
200331,GUIA UHMW EST. ENGATE 25 x 2530mm - MÁQ P/ COLHEITA DE FRUTAS CÓD. 030309
200332,GUIA UHMW EST. ENGATE 65 x 2530mm - MÁQ P/ COLHEITA DE FRUTAS CÓD. 030310
200333,GUIA UHMW EST. ENGATE 40 x 2530mm - MÁQ P/ COLHEITA DE FRUTAS CÓD. 030311
200335,GUIA UHMW EST. LATERAL 75 x 2970mm - MÁQ P/ COLHEITA DE FRUTAS CÓD. 031939
200338,MOTORREDUTOR COROA E ROSCA SEM FIM WCR71 1 1:15 PAJ 90S 2 cv 04 60Hz - 1574032181
200340,DISCO TECNYL INFERIOR EST. FRONT.  - ESTEIRAS - MÁQ P/ COLHEITA DE FRUTAS CÓD. 027656
200349,CABO COMANDO CAMBIO ADAPTAÇÃO 5050MM -  CÓD. 10119580025
200364,TERMINAL ACEL COMPL 6MM CURTO MBB 1113 1
200365,TERMINAL EMBR COMPL 10MM ROSCA 12MM MBB MBB 1113
200377,ROLO MOTOR (ESTEIRA ELEVATORIA) _ MAQUINA P/ COLHEITA DE FRUTAS CÓD. 031900
200378,ROLO DE LIGAÇÃO (ESTEIRA ELEVATORIA) _ MAQUINA P/ COLHEITA DE FRUTAS CÓD. 028300
200379,ROLO DE LIGAÇÃO CENTRAL (ESTEIRA ELEVATORIA) _ MAQUINA P/ COLHEITA DE FRUTAS CÓD. 030284
200380,ROLO MOVIDO (ESTEIRA ELEVATORIA) _ MAQUINA P/ COLHEITA DE FRUTAS CÓD. 029054
200381,ROLO MOTOR / MOVIDO (ESTEIRAS LATERIAS) _ MAQUINA P/ COLHEITA DE FRUTAS CÓD. 028095
200382,ROLO MOVIDO (ESTEIRAS MOVEL) _ MAQUINA P/ COLHEITA DE FRUTAS CÓD. 028034
200383,ROLO MOTOR (ESTEIRAS PRINCIPAL) _ MAQUINA P/ COLHEITA DE FRUTAS CÓD. 031898
200468,Chave tripolar 16A (PEQUENA) MCF 16
200484,"espaguete termo retrátil 1/2"""
200504,"PORCA SEXTAVADA  A/T 3/8"" UNF"
200544,CANALETA HELADUCT ABERTA 50X80MM
200556,"CABO FLEXIVEL 750V SIL PT 2,5MM"
200557,"CABO FLEXIVEL 750V SIL AZ  2,5MM"
200558,"CABO FLEXIVEL 750V SIL VD 2,5MM"
200559,CABO FLEXIVEL 750V SIL PT 1MM
200560,CABO FLEXIVEL 750V SIL AZ 1MM
200561,CABO FLEXIVEL 750V SIL PT 16MM
200563,CABO FLEXIVEL 750V SIL VD 16MM
200586,FUSÍVEL VIDRO 2CM 3A
200695,"CABO PP 2 x 1,5mm"
200878,"TERM.ILHOS TUB.CZ/AZ 692811 2,5MM"
201200ROP,"ESCOVA HELICOIDAL ROPPAN D.189 NYLON 0,30 L.1800 INOX"
201401,MINIDISJUNTOR TRIPOLAR 3KA CURVA C 32A
201402,MINIDISJUNTOR TRIPOLAR 3KA CURVA C 25A
201403,MINIDISJUNTOR TRIPOLAR 3KA CURVA C 16A
201404,MINIDISJUNTOR TRIPOLAR 6KA CURVA C 10A
201405,MINIDISJUNTOR UNIPOLAR 3KA CURVA C 16A
201406,MINIDISJUNTOR UNIPOLAR 3KA CURVA C 10A
201407,TOMADA AUX TRILHO DIN NBR 14136
201408,DISJUNTOR MOTOR TRIPOLAR NS2-25X CLASS E 10A 380V 9-14A 15KA
201409,"DISJUNTOR MOTOR TRIPOLAR NS2-25X CLASS E 10A 380V 4-6,3A 100KA"
201412,CONTATOR 3TS35 220V 50/60HZ 40A
201413,RELE DE TEMPO MULTIFUN TMF-MC 24-240V
201414,RELE FFS01MC
201415,INVERSOR DE FREQUENCIA TRIFASICO 10CV
201416,INVERSOR DE FREQUENCIA TRIFASICO 5CV
201417,INVERSOR DE FREQUENCIA TRIFASICO 3CV
201419,MINIDISJUNTOR BIPOLAR 3KA CURVA C 10A
201423,PORTA DOCUMENTO A4
201424,SINALEIRO MONOBLOCO REDONDO C LED 22M AM
201425,SINALEIRO MONOBLOCO REDONDO C LED 22M VM
201426,SINALEIRO MONOBLOCO REDONDO C LED 22M VD
201427,SINALEIRO CIGARRA 220V
201428,FRONTAL COMUT MANOP CURTA 2 POS
201429,FRONTAL P BOTAO DUPLO FACEADO
201430,FONTE DE ALIMENTAÇÃO CHAVEADA COLMEIA 24V 10A 240W BIVOLT
201431,RELE 24VDC JXA1RC3
201432,PLACA INTERFACE 8 SAIDAS METALTEX
202215,MARCADOR MILLENIUM MHG2/5 PT (0.5/6.0MM) N.0
202216,MARCADOR MILLENIUM MHG2/5 PT (0.5/6.0MM) N.1
202217,MARCADOR MILLENIUM MHG2/5 PT (0.5/6.0MM) N.2
202218,MARCADOR MILLENIUM MHG2/5 PT (0.5/6.0MM) N.3
202219,MARCADOR MILLENIUM MHG2/5 PT (0.5/6.0MM) N.4
202220,MARCADOR MILLENIUM MHG2/5 PT (0.5/6.0MM) N.5
202221,MARCADOR MILLENIUM MHG2/5 PT (0.5/6.0MM) N.6
202222,MARCADOR MILLENIUM MHG2/5 PT (0.5/6.0MM) N.7
202223,MARCADOR MILLENIUM MHG2/5 PT (0.5/6.0MM) N.8
202224,MARCADOR MILLENIUM MHG2/5 PT (0.5/6.0MM) N.9
204578,POSTE FINAL P/CONECTOR 8WH 9150 - 0CA0
206551,BLOCO DE CONTATO AUXILIAR FRONTAL 1NA+1NF P/ NS2/NS2/NS2-80
210365,ANEL ELASTICO E-35
210377,ANEL ELASTICO I-72 REF 502.072
210912,ANEL O-RING 2-228
212016,ARRUELA CHANF 5/8
212042,ARRUELA TRAVA DF 6MM
212043,ARRUELA TRAVA DF 12MM
213299,"CABO ELETRICO 1,5 mm"
213305,"CABO ELETRICO 2,5 mm"
213317,"CABO ELETRICO 4,0 mm"
213539,ESPONJA D33 SELADA 100 X 930 X 930MM
213540,ESPONJA D33 SELADA 50 X 150 X 1330MM
213755,ABRACADEIRA NYLON 200MM
213767,ABRACADEIRA NYLON 100MM
213779,ABRACADEIRA NYLON T-120R 390MM
213780,ABRACADEIRA NYLON 300MM
213781,ABRACADEIRA NYLON 500MM
213833,CORREIA EM V B-162
213835,"CORREIA TR 2L - 140 1/8"" X 1/16"" - 16"" DE 7"" X 4.000MM"
213838,"CORREIA TR 2L - 140 1/8"" X 1/16"" - 18"" DE 7"" X 800MM"
213840,"CORREIA TR 2L - 140 1/8"" X 1/16"" - 18"" DE 147 X 298MM"
213841,"CORREIA TR 2L - 140 1/8"" X 1/16"" - 18"" DE 304 X 242MM"
213843,"CORREIA TR 2L - 140 1/8"" X 1/16"" - 24"" DE 110 X 636MM DES."
213850,"CORREIA ABERTA 2L 1/8"" X 1/16"" -  178 X 178"
213851,"CORREIA ABERTA 2L 1/8"" X 1/16"" -  105 X 145"
213852,CORREIA TRANSPORTADORA V28 900 X 5860mm ABERTA [ESTEIRA DE REFUGO - SEF250]
213975,"MANG. PLAST. TRANC 3/4"" X 2,0 MM"
214111,"RODA W 10 X 24"" 9 FUROS"
214115,"ARO AVULSO 15"" x 8"
214116,"ARO AVULSO R16 x 5,5"
214500,QUADRO ELETRICO PAINEL 80x60x20
214504,CANALETA HELADUCT ABERTA 30x50MM
214505,BARRAMENTO DE DIST.HC-008 C/PROT 10MM AZ
214506,BARRAMENTO DE DIST.HC-008 C/PROT 10MM VD
214507,PORTA FUSIVEL TIPO SAK 4MM
214508,TERMINAL TUBULAR 2.5MM
214509,TERMINAL TUBULAR 1.5MM
214510,TERMINAL FORQUILHA 2.5MM
214540,QUADRO ELETRICO PAINEL 140X80X40 CM
214541,MICRORUTOR BAS.ALAV.RIG..C/ROLD.EXTRE.M3K
214542,SISTEMA DE VENT C FILTRO PFB 32000 20x20
214544,BORNE COM MOLA 6MM
214546,BORNE COM MOLA 4MM
214547,BORNE COM MOLA 2.5MM
214548,"TERMINAL PRE ISOL 3/16 AZ C 2,5MM"
214549,ISOLADOR EPOXI ROSCA 1/4 16X25
215451,CANALETA HELADUCT ABERTA 30X30MM HD-2P
215458,TERMINAL DUPLO TUBULAR 1mm
216227,BUCHA                  6000160
216513,"BORRACHA EM LENÇOL 1/8"" C/ 01 LONA"
216526,BORRACHA EVA 10 X 190 X 175MM
216527,BORRACHA EVA 10 X 445 X 109MM
216528,BORRACHA EVA 10 X 350 X 50MM
216529,BORRACHA EVA 10 X 3000 X 1925MM
216530,BORRACHA EVA 10 X 2800 X 190MM
218443,CAMARA AR REF. 24”T 640V4-01-1 REF. 2112810
219801,CHAVE TRIP. P/MOTOR C/2 BOTÕES 30A CS-102
219939,"CABO ELET 2X 1,5 MM2"
221004,"TAMPAO PVC 3"""
222062,SENSOR DE ROTAÇÃO PARA FIELD IQ GRANULAR CÓD.86585
222063,CAIXA TRANS. RELAÇÃO TRANS. DE 32:1 CÓD. BPN 175
222064,"CAIXA TRANS. RELAÇÃO TRANS. DE 1:1,35 CÓD. BPN 174"
222065,TROCADOR DE CALOR OK-ELD4H/3.1/12V/1/S
222068,BOMBA HID. - FP30.125S0-A3Z0-LGG/GG-N (06876150)
222072,"MOTOR HIDRA. REF. TE100 AS SAE ""A"" 2 BOLT 1/2""-14 SAE - EIXO CODE 10 1"" COM CHAVETA    MARCA PARKER"
222073,"MOTOR HIDRA. REF. TE080 AS SAE ""A"" 2 BOLT 1/2""-14 SAE - EIXO CODE 10 1"" COM CHAVETA    MARCA PARKER"
222075,FILTRO DE RETORNO HF547-20.201-AS-FG010-B17-GG-B-S-Z-XAGAM-YN-A-K (KHD20217)
222076,VISOR NÍVEL - HL 91-10.T1-T+B(KHI03720)
222077,RECEPTOR DE SINAIS DE SATELITE GPS MOD. TRIBLE CFX 750 DGPS CÓD.94000-00BR*
222078,SUPORTE DE FIXAÇÃO PARA GPS CFX CÓD.91357-AG-II
222079,KIT FIELD SOLIDOS P/ MÁQUINA CÓD. KIT F.IQ MAQ. I
222080,KIT FIELD SOLIDOS P/ CABINE CÓD. KIT F.IQ CABINE
222087,"VIBRA STOP COXIM 3 CARGA 250KG X 3/8"""
222088,MANGUEIRA P/ LUBRIFICAÇÃO DO ROLAMENTO DO ROLO DIANT. - ROBUSTA 12t
222105VIS,VALVULA CONTRA BALANCO DUPLA VISTA (VCBDLA0430VH)
222109HYB,KIT FILTRO DE PRESSAO PLF PARA 60 LITROS 10um F65529060601
222110VIS,VALVULA DIRECIONAL TN10 6 VIAS VISTA (VSVK10)
222113,"(USAR O 222133) BARRA ROSCADA FERRO GALV. 1/2"" X 1MT"
222115,SENSOR INDUTIVO I18-5-DPC
222126,"BARRA ROSC FERRO GALV. 1/4"" X 1MT"
222155VIS,VÁLVULA DE RETENÇÃO TN15 VISTA (VS15A1X)
222203,CONTRA PINO  3/16 X 1
222204,CONECTOR GENERICO P/ BARRAMENTO FIO 25MM OU CABO 16MM SAIDA FRONTAL 9005
222222,PINO DE FIXAÇÃO DO REGULADOR TABLET - BAIA - SELECIONADORA DE FRUTAS
222276,PINO ELASTICO 5/16 X 1
222355,"GRAMPO TM 251 X 4,5"
222404IMP,"CUBO RODA F. FUND. NOD. GGG-50"" CBHM 6000 (IMPORTADO)"
222405IMP,"CUBO RODA F. FUND. NOD. GGG-50"" F4 (IMPORTADO)"
222412,CUBO DE RODA P/ MÁQ DE COLHEITA
222466,AÇO MT 60.00 CROMADO SAE 1045 NORMAL - CTH4500
222467,EMBOLO C/ VED. CN 060x020x050
222468,AÇO MT 25.00 CROMADO SAE 1045 NORMAL - 280MM
222469,CABEÇOTE GUIA C/ VED. CN.080XH.025
222470,PORCA AUTO TRAVANTE MÉTRICA ALTA M20X1.5
222472,TERMINAL ROT COM FUNDO SOLDAVEL FT30/60
222473,TUBO TCB 070X060X05 BRUNIDO
222914,PINO ELASTICO  10 X 65
224391,"CORREIA TRANS VM 9/2-20DG MT(NAB-8EXDV) MED. 350 X 2750MM FEC C/09 PERFIL CTK VERDE LISO, DIST. 30MM DAS BORDAS"
224398,"CORREIA TRANS VM 9/2-20DGMT MED.6.600 X 330MM GRP CARBONO 4A X 24""C/22 TALISCAS CTK-13 VERDE LISO DIST.75MM DAS BORDAS E PASSO DE 300MM."
224402,"CORREIA TRANSPORTADORA V28M 350 X 5900 FECHADA C/ TALISCA (CONFORME DESENHO) [ESTEIRA DAS BAIAS 2,92m - SEF250 M16]"
224581,CORREIA TRANSP. HORIZONTAL C/ TALISCAS U 1 27000 X 480MM
224582,CORREIA TRANSP. ELEVATÓRIA C/ TALISCAS RETAS 7.100 X 480mm C/ talisca e borda
224584,CORREIA TRANSP. ELEVATÓRIA C/ TALISCAS RETAS 5.300 X 480mm C/ talisca e borda
224585,"CORREIA TRANSP. HORIZONTAL C/ TAL U 2,5MM X LARG.580MM X COMPR.60.320MM"
224586,CORREIA TRANSP. ELEVATÓRIA C/ TAL RETAS 3MM X LARG.590MM X COMPR.12.640MM
226111,"ESTICADOR P/CABO DE AÇO 3/4"" OLHAL/OLHAL"
226131,"CORRENTE PASSO 38,1MM EM AÇO P/ SELECIONADOR DE MELÃO"
226132,CORRENTE EM AÇO INOX AISI 304 PASSO 42MM P/ ESTEIRA ELEVATÓRIA DE MELÃO
226133,CORRENTE EM AÇO INOX 2050
226180,EMENDA P/ CORR. ASA-100
226182,"EMENDA SIMPLES P/ CORR. ASA-50 5/8"""
226187,"EMENDA SIMPLES P/ CORR. ASA-80 1"""
226193,"EMENDA DUPLA P/ CORRENTE ASA-60 3/4"""
226405,"CORRENTE SIMPLES ASA-60 3/4"""
226406,"CORRENTE SIMPLES ASA-80 1"""
226407,"CORRENTE SIMPLES ASA-100 1.1/4"""
226410,"CORRENTE DUPLA ASA-60 3/4"""
230170,"HASTE SUBSOLADORA 24"""
230420,PONTEIRA ESCARIFICADORA DO VC
230511,MOLA PROTEÇÃO PVC PRETO 66MM
232312,"GRAMPO P/ CABO DE ACO 1/2"""
232313,"SAPATILHO GALV 1/2"""
236203,MANCAL FLANGE FYC 510
236205,MANCAL FLANGE FRM F207
236218,MANCAL PA 205
236219,MANCAL FLANGE FL205
238041,MOLA DE COMPRESSAO 1066015
238211,MOLA TRAVA TAMPA TRAS CBH
238375,MOLA P/ EMBREAGEM DA ROÇAX
238399,MOLA POSICIONADORA DO PS
238407,MOLA DO TRAVAMENTO - ROBUSTER 026370
238408,MOLA PARA APLICADOR TNT
238409,MOLA PARA FIXAR FILME - ROLOS 120M
240215,"MANG A/P SAE-100 3/8"" x 4500mm - 1 TERM. RETO 1 TERM. A 90º"
240220,"MANG R2 - 5/8"" X 6420 - TERM. RETO/90° FEMEA JIC 7/8"""
240221,"MANG R2 - 5/8"" X 175 - TERM. RETO/90° CONF. DESENHO"
240222,"MANG R2 - 5/8"" X 2140 - TERM. RETO/90° FEMEA JIC 7/8"""
240223,"MANG R2 - 5/8"" X 2280 - TERM. 90°/90° CONF. DESENHO"
240224,"MANG R2 - 5/8"" X 1280 - TERM. RETO/90° FEMEA JIC 7/8"""
240225,"MANG R2 - 5/8"" X 1400 - TERM. 90°/90° CONF. DESENHO"
240226,"MANG R2 - 5/8"" X 2770- TERM. RETO/RETO FEMEA JIC 7/8"""
240227,"MANG R1 - 1"" X 890 - TERM. 90°/RETO FEMEA JIC 1.5/16"""
240228,"MANG R1 - 1"" X 3250 - TERM. 90°/90° CONF. DESENHO"
240230,DISCO VOLANTE 1065135
240260,UNIÃO MACHO JIC 3/4 X 1/2 BSP
240409,"MANG R2 - 3/8"" X 4000 - TERM. RETO/90° FEMEA JIC 3/4"""
240410,"MANG R2 - 1/4"" X 4600 - TERM. RETO/RETO FEMEA JIC 9/16"""
240411,"MANG R2 - 1/4"" X 1600 - TERM. RETO/90 FEMEA JIC 9/16"""
240413,"MANG R2 - 1/4"" X 4300 - TERM. RETO/90 FEMEA JIC 9/16"""
240414,"MANG R2 - 1/4"" X 4250 - TERM. RETO/90 FEMEA JIC 9/16"""
240415,"MANG R2 - 5/8"" X 800 - TERM. RETO/90 FEMEA JIC 7/8"""
240416,"MANG R2 - 5/8"" X 1200 - TERM. RETO/RETO FEMEA JIC 7/8"""
240417,"MANG R2 - 1.1/4"" X 1200 - TERM. RETO/90 FEMEA JIC 1.5/8"""
240418,"MANG R2 - 1.1/4"" X 1800 - TERM. 90/90 (90°) FEMEA JIC 1.5/8"""
240420,"MANG R2 - 1/4"" X 1200 - TERM. RETO/90 FEMEA JIC 9/16"""
240421,"MANG R2 - 1.1/4"" X 750 - TERM. RETO/90° FEMEA JIC 1.5/8"""
240422,"MANG R2 - 5/8"" X 1500 - TERM. RETO/90 FEMEA JIC 7/8"""
240423,"MANG R2 - 5/8"" X 5500 - TERM. RETO/90 FEMEA JIC 7/8"""
240425,"MANG R2 - 5/8"" X 4000 - TERM. RETO/RETO FEMEA JIC 7/8"""
240426,"MANG R2 - 1/2"" X 2000 - TERM. 90/45 FEMEA JIC 3/4"" (DEFASADO 0º)"
240427,"MANG R2 - 1/4"" X 3800 - TERM. RETO/90 FEMEA JIC 9/16"""
240428,"MANG R2 - 3/8"" X 4500 - TERM. RETO/90 FEMEA JIC 3/4"""
240429,"MANG R2 - 1/2"" X 5800 - TERM. RETO/45 FEMEA JIC 3/4"""
240430,"MANG R2 - 3/8"" X 6000 - TERM. RETO/90 FEMEA JIC 3/4"""
240431,"MANG R2 - 1/4"" X 4100 - TERM. RETO/90 FEMEA JIC 9/16"""
240432,"MANG R2 - 1/2"" X 3700 - TERM. 45/90 FEMEA JIC 3/4"" (DEFASADO 0º)"
240433,"MANG R2 - 5/8"" X 1200 - TERM. 90/90 FEMEA JIC 7/8"" (DEFASADO 180º)"
240434,"MANG R2 - 5/8"" X 800 - TERM. 90/90 FEMEA JIC 7/8"" (DEFASADO 180º)"
240435,"MANG R2 - 5/8"" X 4700 - TERM. RETO/90 FEMEA JIC 7/8"""
240437,"MANG R2 - 1/4"" X 2300 - TERM. RETO/90 FEMEA JIC 9/16"""
240438,"MANG R2 - 1/4"" X 3600 - TERM. 90/90 FEMEA JIC 9/16"" (DEFASADO 0º)"
240439,"MANG R2 - 1/4"" X 2000 - TERM. RETO/90 FEMEA JIC 9/16"""
240440,"MANG R2 - 5/8"" X 430  - TERM. 90/90 FEMEA JIC 7/8"" (DEFASADO 180º)"
240441,"MANG R2 - 3/8"" X 700 - TERM. RETO/90 FEMEA JIC 3/4"""
240443,"MANG R2 - 3/8"" X 4700  - TERM. RETO/90 FEMEA JIC 3/4"""
240447,"MANG R2 - 5/8"" X 2600 - TERM. 90/RETO FEMEA JIC 7/8"""
240449,"MANG R2 - 1/4"" X 5000 - TERM. 90/RETO FEMEA JIC 9/16"""
240451,"MANG R2 - 3/8"" X 600 - TERM. RETO/90 FEMEA JIC 3/4"""
240452,"MANG R2 - 3/8"" X 550 - TERM. RETO/90 FEMEA JIC 3/4"""
240453,"MANG R2 - 5/8"" X 550 - TERM. RETO/90 FEMEA JIC 7/8"""
240454,"MANG R2 - 3/8"" X 1500 - TERM. RETO/RETO FEMEA JIC 3/4"""
240455,"MANG R2 - 3/8"" X 1700 - TERM. RETO/90 FEMEA JIC 3/4"""
240456,"MANG R2 - 5/8"" X 3400 - TERM. 90/RETO FEMEA JIC 7/8"""
240457,"MANG R2 - 5/8"" X 500 - TERM. RETO/90 FEMEA JIC 7/8"""
240458,"MANG R2 - 3/8"" X 2800 - TERM. RETO/90 FEMEA JIC 3/4"""
240463,"UNIAO MACHO JIC 1.5/16"" x 1.1/4"" BSP C/ANEL DE VEDACAO"
240465,"UNIAO MACHO JIC 1.5/16"" x 1"" BSP C/ANEL DE VEDACAO"
240467,"ADAPTADOR MACHO JIC 1.5/16"" x 1"" - NPT"
240468,"JOELHO 90° MACHO JIC 7/8"" X 1.1/16"" UNF C/ANEL DE VEDACAO"
240469,"UNIAO MACHO JIC 7/8"" X 1.1/4"" BSP C/ANEL DE VEDACAO"
240481,BUCHA FIX. DO MACACO MOD. RAL-391 (FA)
240495,"UNIAO MACHO JIC 7/8"" X 1.1/16"" UNF C/ANEL DE VEDACAO"
240496,"JOELHO MACHO JIC 7/8"" X 7/8"" UNF C/ANEL DE VEDACAO"
240498,"REGISTRO DE ESFERA 1"" NPT"
240499,"UNIAO MACHO JIC 7/8"" X 1"" BSP C/ANEL DE VEDACAO"
240500,CIL. COMPL. CÓD.CJ 404 (MACACO)
240501,CIL. COMPL. CÓD.CJ 405 (EST MÓVEL)
240502,CIL. COMPL. CÓD.CJ 406 (EST ELEV 01)
240504,CIL. COMPL. CÓD.CJ 407 (EST ELEV 02)
240505,CIL. COMPL. CÓD.CJ 408 (EST ELEV 03)
240506,CIL. COMPL. CÓD.CJ 409 (ESTRE EIXOS)
240507,CIL. COMPL. CÓD.CJ 410 (ESTERÇAMENTO)
240511,"MANG R2 - 3/8"" X 3200 - TERM. 90/RETO FEMEA JIC 3/4"""
240512,"MANG R2 - 3/8"" X 700 - TERM. 90/90 FEMEA JIC 3/4"" (DEFASADO 0º)"
240513,"MANG R2 - 1/2"" X 4200 - TERM. 90/45 FEMEA JIC 3/4"" (DEFASADO 0º)"
240514,"MANG R2 - 1/4"" X 690 - TERM. 90/RETO FEMEA JIC 9/16"""
240516,"MANG R2 - 1/4"" X 500  - TERM. RETO/90 FEMEA JIC 9/16"""
240517,"MANG R2 - 1/4"" X 400 - TERM. RETO/90 FEMEA JIC 9/16"""
240519,"MANG R2 - 3/8"" X 1400 - TERM. RETO/RETO FEMEA JIC 3/4"""
240520,"MANG R2 - 3/8"" X 3500 - TERM. 90/RETO FEMEA JIC 3/4"""
240521,"MANG R2 - 5/8"" x 800 - TERM. RETO/RETO FEMEA JIC 7/8"""
240523,"MANG R2 - 3/8"" X 2800 - TERM. RETO/RETO FEMEA JIC 3/4"""
240524,"MANG R2 - 5/8"" X 800  - TERM. 90/90 FEMEA JIC 3/4"" (DEFASADO 90º)"
240525,"MANG R2 - 1/4"" X 3000  - TERM. 90/RETO FEMEA JIC 9/16"""
240526,"MANG R2 - 1/4"" X 2800 - TERM. 90/RETO FEMEA JIC 9/16"""
240528,"MANG R2 - 1/2"" X 2700 - TERM. 90/45 FEMEA JIC 3/4"" (DEFASADO 0º)"
240529,"MANG R2 - 3/8"" X 2600 - TERM. 90/RETO FEMEA JIC 3/4"""
240530,"MANG R2 - 3/8"" X 4200 - TERM. RETO/90 FEMEA JIC 3/4"""
240531,"MANG R2 - 1/2"" X 4000 - TERM. RETO/45 FEMEA JIC 3/4"""
240532,"MANG R2 - 5/8"" X 1200 - TERM. RETO/90 FEMEA JIC 7/8"""
240544,"MANG R2 - 5/8"" X 500 - TERM. 90/90 FEMEA JIC 7/8"""
240550,ADAPT. MACHO JIC 9/16 X 1/2 NPT
240553,ADAPT. MACHO JIC 7/8 X 3/8 NPT
240561,NIPLE MACHO NPT 1.1/4 X 1.1/4 NPT
240563,"TEE IGUAL JIC 3/4"""
240566,"ADAP MACHO 3/4"" BSPx9/16"" JIC"
240569,ADAP. MACHO JIC 9/16 X 9/16 UNF ORING
240570,ADAP. MACHO JIC 9/16 X 3/8 BSP
240572,ADAP. MACHO JIC 3/4 X 1.1/16 UNF ORING
240574,ADAP. MACHO JIC 1.5/8 X 1.5/8 UNF ORING
240575,TEE LATERAL FEMEA JIC 3/4 X MACHO 3/4 JIC
240578,"DISJUNTOR MOTOR TRIP. 3RV10 11 1EA10 2,8-4,0A"
240581,"TEE FEMEA IGUAL JIC 7/8"""
240585,ADAPT MACHO JIC 3/4 X 1.5/16 UNF
240591,"ADAPT MACHO JIC 7/8""x1"" NPT"
240592,"ADAPT MACHO JIC 7/8""x9/16"" UNF"
240593,"ADAPT MACHO JIC 7/8""x1.1/16 UNF"
240594,"ADAPT MACHO JIC 1.5/8""x1.7/8"" UNF"
240595,"ADAPT MACHO JIC 9/16""x7/8"" UNF"
240597,"ADAPT MACHO JIC 7/8""x1.5/16 UNF"
240600,"UNIÃO PG JIC 7/8""xMAC 3/8"" NPT"
240601,"ADAPT. PG JIC 7/8""xMAC 1/2"" NPT"
240602,"COTOVELO MACHO JIC 9/16""x1/2"" NPT"
240603,"ADAPT MACHO JIC 9/16""x1/4""BSPP"
240611,ADAPT. MF 1/2NPT X MF 7/8JIC
240612,ADAPT. MF 1/2NPT X MF 9/16JIC
240614,"ADAP MACHO JIC 3/4""x1/2 BSP"
240618,ELETRODUTO 20MM
240632,MANGUEIRA LONADA 8MM INT X 12MM EXT
244548,TERMINAL ILHOS TUBULAR 1MM VM.MM
250112,"PARAFUSO ALLEN S/C 1/4"" X 5/16"" UNC"
256030,"PARAF FRANC INOX 5/16 X 2.1/2"""
256033,"PARAF FRANC INOX 5/16 X 1.1/2"""
256037,"PARAFUSO SEXTAVADO G3 5/16"" X 2.1/2"" UNC"
256148,"PARAF FRANC INOX 3/8 X 1.3/4"""
257093,"PARAF ALLEN S/CAB 1/4 X 7/8"" UNC"
257109,PARAF AA FERRO 4.8 (10 X 13) 1/2 CHATA
257113,"PARAF. ALLEN C/CAB. 1/8X1"" UNC"
257115,"PARAF. MAQ. INOX. 1/4"" X 1"" CAB. CHATA"
257135,"PARAFUSO FENDA CABEÇA CHATA 1/4"" X 1.1/4"" UNC"
257148,"PARAFUSO ALLEN S/C 5/16"" X 1/4"" UNC"
257152,PARAF ALLEN 1/2 X 1.1/2 C/ CAB. UNF
257153,"PARAFUSO ALLEN S/C 1/2"" X 1"" UNC"
257156,"PARAFUSO ALLEN S/C 1/2"" X 3/8"" UNC"
257345,"PARAFUSO ALLEN 3/8"" X 4.1/2 UNF ROSCA PARCIAL"
257394,"PARAFUSO ALLEN 3/8"" X 5"" UNF ROSCA PARCIAL"
257667,"PARAFUSO ALLEN S/ CABEÇA 3/8"" X 1/2"" UNC"
258091,PARAF SEX 5/16X 3/4 UNC 8.8 ZB
258106,PARAF SEX   1/2 X 1.1/4 UNF ZB
258118,PARAF SEX   1/2 X 1.3/4    UNF
258235,PARAF SEX   3/4 X 2   UNF  ZB
258301,PARAF SEX   3/8 X 1.1/4   UNF ZB
258799,PARAF SEX   1/4 X 1.1/2    UNF
258812,"PARAF SEX   1/4"" X 2.1/4""  UNC 8.8"
258842,PARAF SEX   1/2 X 1.1/2    UNF
258854,"PARAF SEX   1/2 X 5.1/2""    UNC"
258909,PARAF SEX   3/4 X 3  UNF ZB
259158,PARAF P/PASTA NIQUELADO 10MM
259159,PARAF P/ARADO TIPO A3 1/2X1.3/4 C/PORCA ZB
259161,PARAF P/PASTA NIQUELADO 15MM
259196,"PARAF SEX 3/8 X 1.3/4"" UNC"
259241,"PARAF SEX   1 X 11""   UNC ZB"
259342,"PARAF SEX INOX  3/8 X 3/4"" UNC"
259357,"PARAF SEX INOX  1 X 2"" UNC"
259364,"PARAF SEX INOX  3/8 X 1/2"" UNC"
259368,"PARAF SEX INOX  1/2 X 2.1/2"" UNC"
259371,"PARAF SEX INOX  3/8 X 2.1/2"" UNC"
259372,"PARAF SEX INOX 5/16 X 3/4"" UNC"
259375,"PARAF SEX INOX 5/16 X 2.1/2"" UNC"
259377,"PARAF SEX INOX 5/8 X 3.1/2"" UNC"
259384,"PARAF SEX INOX 1/4 X 2.1/2"" UNC"
259405,"PARAF SEX INOX  1/4"" X 2"""
259416,"PARAFUSO SEXTAVADO INOX 1/4 X 2"" UNC"
259767,PARAF SEX Z M6 X 25
259768,PARAF SEX Z M6 X 20
259858,PARAF SEX   3/8 X 3/4 8.8UNF ZB
259860,PARAF SEX   M 8  X  12mm.
259871,PARAF SEX   5/8 X 2.3/4 8.8 NF ZB
259895,PARAF SEX   5/8 X 3     8.8UNF
259949,PARAF SEX   3/4 X 2.3/4 8.8UNF
260307,PARAF SEX   5/8 X 3.1/2 8.8UNF ZB
260308,"PARAF SEX   5/8 X 3.1/2""    UNF"
260309,"PARAF SEX   5/8 X 3.1/2""   UNC"
260542,PARAF SEX 7/8 X 9 UNC
260576,"PARAF SEX   3/4 X 1.3/4""    UNF"
260577,"PARAF SEX   3/4 X 2.1/2""    UNF"
260578,"PARAF SEX 3/4 X 1.1/4"" UNC"
260733,PARAF SEX   M10 X 20    8.8
260812,PARAF SEX   5/16X 1/2    UNC
260941,"PARAF SEX 1 X 9"" UNC"
266177,"ESCALA ALUM. DO ESTICADO LE 1,0X250X20"
266178,"ESCALA ALUM. DA COMPORTA 1,5X482x44"
266179,"ESCALA ALUM. DO ESTICADOR LD 1,0X250X20"
266180,RÉGUA ALUM. ALT. MENOR DISCO ESQ. 1X15X445 (026369)
266181,RÉGUA ALUM. ALT. MAIOR DISCO DIR. 1X15X445 (026366)
266182,RÉGUA ALUM. ALT. MAIOR DISCO ESQ. 1X15X445 (026368)
266183,RÉGUA ALUM. ALT. MENOR DISCO DIR. 1X15X445 (026367)
268306,PNEU 12.4-24TT 10 L TM95
271202,PORCA BORB   1/4
272141,PORCA SEXT INOX 5MM MA
272413,"PORCA CAST. DE 1"" UNF-14 FIOS 8.8"
272505,PORCA CAST 1.1/2 S/COROA - UNF ZB
274070,PORCA SEX Z 1/4 4.6 UNC NÃO USAR
274094,"PORCA SEX    5/16"" A/TR NY UNC"
274095,"PORCA SEX  5/16"" A/TR NY INOX UNC"
274112,PORCA SEX     5/8 A/TR     UNC
274127,PORCA SEX  22MA
274187,"PORCA SEXTAVADA INOX 3/4"" UNC"
274318,PORCA SEX 7/8 UNC
274732,PORCA SEX     3/8 A/TR 6.6 UNF
274744,PORCA SEX   M 8   A/TR
274756,PORCA SEX  5/8 A/TR UNF ZB
274811,PORCA SEX   3/4 A/TR  UNF ZB
274951,"PORCA SEXT. DE 2"" - UNF"
275037,"PORCA  A/T. NY.  1/2"" BAIXA UNF-ZB"
275118,"PORCA  A/T. NY. INOX 3/8"" UNC"
275119,"PORCA  A/T. NY. INOX 1/2"" UNC"
275122,"PORCA  A/T. NY. INOX 1/4"" UNC"
275131,"PORCA SEXTAVADA A/T 3/16"" UNC"
275165,CONTRA-PORCA   3/4         UNC
279420,"PORCAS SEXT 2"" BSP 11fpp"
282162,REBITE ROSCADO C/PLANA 06MA
284089,RETENTOR REF 01980 BR (ARCA/SABÓ)
284283,RETENTOR REF 00793 BA (AR-5006) (ARCA/SABÓ)
284397,RETENTOR REF 01366 B - (ARCA/SABÓ)
284427,RETENTOR REF 00674 (AR-      )
288197,ROLAMENTO YAR 210-2F
288207,"ROLAMENTO YAR 205-1"""
288378,ROLAMENTO 18590/520 - 2ª LINHA
288640,ROLAMENTO GYE 50 KRRB (1ª LINHA)
288974,ROLAMENTO REF. 6207 1º LINHA
289240,ROLAMENTO 32006 1ª LINHA
291074,"CB FLEX 1KV 04X002,50MM"
291082,"CB FLEX 01X010,00MM"
291084,"CB FLEX 002,50MM"
292358,VALVULA P/PNEU S/CAMERA REF. TR-414
292723,SOLENOIDE TIPO CR35 SY17 24Vcc 16.3w.
298980,CUSTO DE ZINCAGEM
299008,CARDAN REF. CC-5000/4P C/PROTEÇÃO
299011,CARDAN CC-5000/4P C/ PROTEÇÃO (seguir desenho) [VC1700 M25]
299390,TERM. ENG. RÁP. REF. CC-50
299421,"CABO DE ACO GALV. 1/2"" - 6 X 25 AF"
299881,BORRACHA LONADA DE 4.8MM